recording_id,outer_fold,model,alpha,inner_fold,mean_r2,n_validation_samples,selected
GROUP,0,M1_mel,0.001,0,0.35527113909024466,32130,False
GROUP,0,M1_mel,0.001,1,0.30048910979471777,32130,False
GROUP,0,M1_mel,0.001,2,0.22682094801732733,42840,False
GROUP,0,M1_mel,0.001,3,0.34376518823548463,41650,False
GROUP,0,M1_mel,0.001,mean,0.3032228994940778,148750,False
GROUP,0,M1_mel,0.01,0,0.3552711657366706,32130,False
GROUP,0,M1_mel,0.01,1,0.3004891468405022,32130,False
GROUP,0,M1_mel,0.01,2,0.22682100966915508,42840,False
GROUP,0,M1_mel,0.01,3,0.3437652086808798,41650,False
GROUP,0,M1_mel,0.01,mean,0.3032229367320323,148750,False
GROUP,0,M1_mel,0.1,0,0.3552714321190025,32130,False
GROUP,0,M1_mel,0.1,1,0.30048951717401584,32130,False
GROUP,0,M1_mel,0.1,2,0.22682162598939182,42840,False
GROUP,0,M1_mel,0.1,3,0.3437654130944273,41650,False
GROUP,0,M1_mel,0.1,mean,0.30322330899867644,148750,False
GROUP,0,M1_mel,1.0,0,0.3552740878806696,32130,False
GROUP,0,M1_mel,1.0,1,0.30049320825311077,32130,False
GROUP,0,M1_mel,1.0,2,0.2268277697145472,42840,False
GROUP,0,M1_mel,1.0,3,0.3437674532605842,41650,False
GROUP,0,M1_mel,1.0,mean,0.3032270205556497,148750,False
GROUP,0,M1_mel,10.0,0,0.35529994784728003,32130,False
GROUP,0,M1_mel,10.0,1,0.3005290399866932,32130,False
GROUP,0,M1_mel,10.0,2,0.22688752337296336,42840,False
GROUP,0,M1_mel,10.0,3,0.34378751493425463,41650,False
GROUP,0,M1_mel,10.0,mean,0.30326317228514293,148750,False
GROUP,0,M1_mel,100.0,0,0.3555265923076767,32130,False
GROUP,0,M1_mel,100.0,1,0.30083317627322625,32130,False
GROUP,0,M1_mel,100.0,2,0.22740584997696378,42840,False
GROUP,0,M1_mel,100.0,3,0.34397241913488663,41650,False
GROUP,0,M1_mel,100.0,mean,0.3035788721646089,148750,False
GROUP,0,M1_mel,1000.0,0,0.35717277018811777,32130,False
GROUP,0,M1_mel,1000.0,1,0.30290326255905464,32130,False
GROUP,0,M1_mel,1000.0,2,0.23113887873720862,42840,False
GROUP,0,M1_mel,1000.0,3,0.34543631391204155,41650,False
GROUP,0,M1_mel,1000.0,mean,0.30586658804507694,148750,True
GROUP,0,M2_mel_syl,0.001,0,0.4143000326994779,32130,False
GROUP,0,M2_mel_syl,0.001,1,0.3091101289714667,32130,False
GROUP,0,M2_mel_syl,0.001,2,0.2821385647025729,42840,False
GROUP,0,M2_mel_syl,0.001,3,0.37292265494278476,41650,False
GROUP,0,M2_mel_syl,0.001,mean,0.3419308449392448,148750,False
GROUP,0,M2_mel_syl,0.01,0,0.41430005886523824,32130,False
GROUP,0,M2_mel_syl,0.01,1,0.3091101662056496,32130,False
GROUP,0,M2_mel_syl,0.01,2,0.28213859477406755,42840,False
GROUP,0,M2_mel_syl,0.01,3,0.37292269267735567,41650,False
GROUP,0,M2_mel_syl,0.01,mean,0.3419308778599028,148750,False
GROUP,0,M2_mel_syl,0.1,0,0.41430032044345777,32130,False
GROUP,0,M2_mel_syl,0.1,1,0.30911053844255043,32130,False
GROUP,0,M2_mel_syl,0.1,2,0.28213889531559955,42840,False
GROUP,0,M2_mel_syl,0.1,3,0.37292306985962675,41650,False
GROUP,0,M2_mel_syl,0.1,mean,0.3419312069309659,148750,False
GROUP,0,M2_mel_syl,1.0,0,0.4143029284437225,32130,False
GROUP,0,M2_mel_syl,1.0,1,0.3091142504674268,32130,False
GROUP,0,M2_mel_syl,1.0,2,0.28214188366165394,42840,False
GROUP,0,M2_mel_syl,1.0,3,0.37292682564542445,41650,False
GROUP,0,M2_mel_syl,1.0,mean,0.34193448432008344,148750,False
GROUP,0,M2_mel_syl,10.0,0,0.4143283549768165,32130,False
GROUP,0,M2_mel_syl,10.0,1,0.3091504591228581,32130,False
GROUP,0,M2_mel_syl,10.0,2,0.28217028190796334,42840,False
GROUP,0,M2_mel_syl,10.0,3,0.37296302675555437,41650,False
GROUP,0,M2_mel_syl,10.0,mean,0.3419661125265784,148750,False
GROUP,0,M2_mel_syl,100.0,0,0.4145551092009633,32130,False
GROUP,0,M2_mel_syl,100.0,1,0.3094661197056955,32130,False
GROUP,0,M2_mel_syl,100.0,2,0.2823833950232303,42840,False
GROUP,0,M2_mel_syl,100.0,3,0.3732673998575923,41650,False
GROUP,0,M2_mel_syl,100.0,mean,0.34222987517065445,148750,False
GROUP,0,M2_mel_syl,1000.0,0,0.4162669421188079,32130,False
GROUP,0,M2_mel_syl,1000.0,1,0.31174110664416865,32130,False
GROUP,0,M2_mel_syl,1000.0,2,0.28331323467271474,42840,False
GROUP,0,M2_mel_syl,1000.0,3,0.3753519911118074,41650,False
GROUP,0,M2_mel_syl,1000.0,mean,0.3439425076298508,148750,True
GROUP,0,M3_mel_syl_boundary,0.001,0,0.37081161979691823,32130,False
GROUP,0,M3_mel_syl_boundary,0.001,1,0.3305948126595396,32130,False
GROUP,0,M3_mel_syl_boundary,0.001,2,0.2514786975724942,42840,False
GROUP,0,M3_mel_syl_boundary,0.001,3,0.3587912909390444,41650,False
GROUP,0,M3_mel_syl_boundary,0.001,mean,0.3243912157744056,148750,False
GROUP,0,M3_mel_syl_boundary,0.01,0,0.3708116368368868,32130,False
GROUP,0,M3_mel_syl_boundary,0.01,1,0.33059484871653877,32130,False
GROUP,0,M3_mel_syl_boundary,0.01,2,0.2514787670704366,42840,False
GROUP,0,M3_mel_syl_boundary,0.01,3,0.35879133463974233,41650,False
GROUP,0,M3_mel_syl_boundary,0.01,mean,0.3243912594949535,148750,False
GROUP,0,M3_mel_syl_boundary,0.1,0,0.3708118071762301,32130,False
GROUP,0,M3_mel_syl_boundary,0.1,1,0.3305952092141635,32130,False
GROUP,0,M3_mel_syl_boundary,0.1,2,0.25147946184203773,42840,False
GROUP,0,M3_mel_syl_boundary,0.1,3,0.35879177145584884,41650,False
GROUP,0,M3_mel_syl_boundary,0.1,mean,0.3243916965584695,148750,False
GROUP,0,M3_mel_syl_boundary,1.0,0,0.37081350461652296,32130,False
GROUP,0,M3_mel_syl_boundary,1.0,1,0.33059880708158096,32130,False
GROUP,0,M3_mel_syl_boundary,1.0,2,0.25148638911623034,42840,False
GROUP,0,M3_mel_syl_boundary,1.0,3,0.35879612086334833,41650,False
GROUP,0,M3_mel_syl_boundary,1.0,mean,0.3243960532340023,148750,False
GROUP,0,M3_mel_syl_boundary,10.0,0,0.3708299526130312,32130,False
GROUP,0,M3_mel_syl_boundary,10.0,1,0.33063417401526807,32130,False
GROUP,0,M3_mel_syl_boundary,10.0,2,0.25155389209323387,42840,False
GROUP,0,M3_mel_syl_boundary,10.0,3,0.3588380112106494,41650,False
GROUP,0,M3_mel_syl_boundary,10.0,mean,0.3244384154135458,148750,False
GROUP,0,M3_mel_syl_boundary,100.0,0,0.3709677678852611,32130,False
GROUP,0,M3_mel_syl_boundary,100.0,1,0.3309583850370936,32130,False
GROUP,0,M3_mel_syl_boundary,100.0,2,0.25214386367807684,42840,False
GROUP,0,M3_mel_syl_boundary,100.0,3,0.35918687632177604,41650,False
GROUP,0,M3_mel_syl_boundary,100.0,mean,0.3248058071406121,148750,False
GROUP,0,M3_mel_syl_boundary,1000.0,0,0.3718118191589893,32130,False
GROUP,0,M3_mel_syl_boundary,1000.0,1,0.3335788983463255,32130,False
GROUP,0,M3_mel_syl_boundary,1000.0,2,0.2563380026774006,42840,False
GROUP,0,M3_mel_syl_boundary,1000.0,3,0.36148637748015866,41650,False
GROUP,0,M3_mel_syl_boundary,1000.0,mean,0.3274059254466838,148750,True
GROUP,0,M4_mel_syl_structure,0.001,0,0.4057898973282179,32130,False
GROUP,0,M4_mel_syl_structure,0.001,1,0.37261367886148333,32130,False
GROUP,0,M4_mel_syl_structure,0.001,2,0.23315646116136624,42840,False
GROUP,0,M4_mel_syl_structure,0.001,3,0.36729082372443134,41650,False
GROUP,0,M4_mel_syl_structure,0.001,mean,0.3381256639142897,148750,False
GROUP,0,M4_mel_syl_structure,0.01,0,0.40578994797821144,32130,False
GROUP,0,M4_mel_syl_structure,0.01,1,0.37261369896288843,32130,False
GROUP,0,M4_mel_syl_structure,0.01,2,0.2331565230617887,42840,False
GROUP,0,M4_mel_syl_structure,0.01,3,0.36729085703072495,41650,False
GROUP,0,M4_mel_syl_structure,0.01,mean,0.3381257063496757,148750,False
GROUP,0,M4_mel_syl_structure,0.1,0,0.40579045434339656,32130,False
GROUP,0,M4_mel_syl_structure,0.1,1,0.37261389989522786,32130,False
GROUP,0,M4_mel_syl_structure,0.1,2,0.2331571417921302,42840,False
GROUP,0,M4_mel_syl_structure,0.1,3,0.36729118999871335,41650,False
GROUP,0,M4_mel_syl_structure,0.1,mean,0.3381261305513161,148750,False
GROUP,0,M4_mel_syl_structure,1.0,0,0.4057955047656816,32130,False
GROUP,0,M4_mel_syl_structure,1.0,1,0.37261590117885945,32130,False
GROUP,0,M4_mel_syl_structure,1.0,2,0.23316330215529746,42840,False
GROUP,0,M4_mel_syl_structure,1.0,3,0.36729451032666993,41650,False
GROUP,0,M4_mel_syl_structure,1.0,mean,0.3381303575962141,148750,False
GROUP,0,M4_mel_syl_structure,10.0,0,0.40584488164781396,32130,False
GROUP,0,M4_mel_syl_structure,10.0,1,0.37263521846891934,32130,False
GROUP,0,M4_mel_syl_structure,10.0,2,0.23322257274004043,42840,False
GROUP,0,M4_mel_syl_structure,10.0,3,0.36732689702010435,41650,False
GROUP,0,M4_mel_syl_structure,10.0,mean,0.33817133373997527,148750,False
GROUP,0,M4_mel_syl_structure,100.0,0,0.4062870837879857,32130,False
GROUP,0,M4_mel_syl_structure,100.0,1,0.3727965591016502,32130,False
GROUP,0,M4_mel_syl_structure,100.0,2,0.23370418473342058,42840,False
GROUP,0,M4_mel_syl_structure,100.0,3,0.36761101895735326,41650,False
GROUP,0,M4_mel_syl_structure,100.0,mean,0.33851995737544543,148750,False
GROUP,0,M4_mel_syl_structure,1000.0,0,0.4095301456068998,32130,False
GROUP,0,M4_mel_syl_structure,1000.0,1,0.3738241581840238,32130,False
GROUP,0,M4_mel_syl_structure,1000.0,2,0.23650025772591443,42840,False
GROUP,0,M4_mel_syl_structure,1000.0,3,0.36954689684650754,41650,False
GROUP,0,M4_mel_syl_structure,1000.0,mean,0.340789734960925,148750,True
GROUP,0,M5_full,0.001,0,0.34926252630803234,32130,False
GROUP,0,M5_full,0.001,1,0.4021769849446586,32130,False
GROUP,0,M5_full,0.001,2,0.24403198648954527,42840,False
GROUP,0,M5_full,0.001,3,0.3582655053563456,41650,False
GROUP,0,M5_full,0.001,mean,0.332906488039347,148750,False
GROUP,0,M5_full,0.01,0,0.3492625748126973,32130,False
GROUP,0,M5_full,0.01,1,0.4021770387965784,32130,False
GROUP,0,M5_full,0.01,2,0.24403203441258792,42840,False
GROUP,0,M5_full,0.01,3,0.3582655362718733,41650,False
GROUP,0,M5_full,0.01,mean,0.3329065326065534,148750,False
GROUP,0,M5_full,0.1,0,0.34926305974106964,32130,False
GROUP,0,M5_full,0.1,1,0.402177577192147,32130,False
GROUP,0,M5_full,0.1,2,0.24403251343247068,42840,False
GROUP,0,M5_full,0.1,3,0.3582658453853992,41650,False
GROUP,0,M5_full,0.1,mean,0.33290697815403814,148750,False
GROUP,0,M5_full,1.0,0,0.34926789737233677,32130,False
GROUP,0,M5_full,1.0,1,0.40218294899888674,32130,False
GROUP,0,M5_full,1.0,2,0.2440372828982348,42840,False
GROUP,0,M5_full,1.0,3,0.3582689324054973,41650,False
GROUP,0,M5_full,1.0,mean,0.33291142136441515,148750,False
GROUP,0,M5_full,10.0,0,0.3493152527746999,32130,False
GROUP,0,M5_full,10.0,1,0.40223562365307486,32130,False
GROUP,0,M5_full,10.0,2,0.2440831687615469,42840,False
GROUP,0,M5_full,10.0,3,0.35829943950731247,41650,False
GROUP,0,M5_full,10.0,mean,0.33295478497377234,148750,False
GROUP,0,M5_full,100.0,0,0.349737964271861,32130,False
GROUP,0,M5_full,100.0,1,0.40271247146642697,32130,False
GROUP,0,M5_full,100.0,2,0.24445492568430827,42840,False
GROUP,0,M5_full,100.0,3,0.35858448527717224,41650,False
GROUP,0,M5_full,100.0,mean,0.33333596859415926,148750,False
GROUP,0,M5_full,1000.0,0,0.35274004259877234,32130,False
GROUP,0,M5_full,1000.0,1,0.40619155770749704,32130,False
GROUP,0,M5_full,1000.0,2,0.24655998360433262,42840,False
GROUP,0,M5_full,1000.0,3,0.36072264008159316,41650,False
GROUP,0,M5_full,1000.0,mean,0.33594084016704806,148750,True
GROUP,1,M1_mel,0.001,0,0.38947585692524633,42840,False
GROUP,1,M1_mel,0.001,1,0.277124147618492,32130,False
GROUP,1,M1_mel,0.001,2,0.16056167242786823,42840,False
GROUP,1,M1_mel,0.001,3,0.3974194322669836,41650,False
GROUP,1,M1_mel,0.001,mean,0.3074133072519092,159460,False
GROUP,1,M1_mel,0.01,0,0.3894758819871462,42840,False
GROUP,1,M1_mel,0.01,1,0.2771242188971573,32130,False
GROUP,1,M1_mel,0.01,2,0.16056171088709692,42840,False
GROUP,1,M1_mel,0.01,3,0.3974194434621028,41650,False
GROUP,1,M1_mel,0.01,mean,0.3074133416035045,159460,False
GROUP,1,M1_mel,0.1,0,0.3894761325198851,42840,False
GROUP,1,M1_mel,0.1,1,0.2771249314784543,32130,False
GROUP,1,M1_mel,0.1,2,0.16056209534396781,42840,False
GROUP,1,M1_mel,0.1,3,0.39741955534666484,41650,False
GROUP,1,M1_mel,0.1,mean,0.3074136850011212,159460,False
GROUP,1,M1_mel,1.0,0,0.3894786293761844,42840,False
GROUP,1,M1_mel,1.0,1,0.27713203701476663,32130,False
GROUP,1,M1_mel,1.0,2,0.16056592651351387,42840,False
GROUP,1,M1_mel,1.0,3,0.39742066764763706,41650,False
GROUP,1,M1_mel,1.0,mean,0.3074171073066801,159460,False
GROUP,1,M1_mel,10.0,0,0.38950287551462415,42840,False
GROUP,1,M1_mel,10.0,1,0.2772012860723636,32130,False
GROUP,1,M1_mel,10.0,2,0.16060302693678363,42840,False
GROUP,1,M1_mel,10.0,3,0.3974312326405013,41650,False
GROUP,1,M1_mel,10.0,mean,0.3074503011538959,159460,False
GROUP,1,M1_mel,100.0,0,0.38971346853717026,42840,False
GROUP,1,M1_mel,100.0,1,0.27780202185991876,32130,False
GROUP,1,M1_mel,100.0,2,0.16090789960869356,42840,False
GROUP,1,M1_mel,100.0,3,0.3975132685495374,41650,False
GROUP,1,M1_mel,100.0,mean,0.30773125554255754,159460,False
GROUP,1,M1_mel,1000.0,0,0.3912102127506727,42840,False
GROUP,1,M1_mel,1000.0,1,0.2821009816627017,32130,False
GROUP,1,M1_mel,1000.0,2,0.1627104269716394,42840,False
GROUP,1,M1_mel,1000.0,3,0.3980049696943272,41650,False
GROUP,1,M1_mel,1000.0,mean,0.3096122647328181,159460,True
GROUP,1,M2_mel_syl,0.001,0,0.40387735327232577,42840,False
GROUP,1,M2_mel_syl,0.001,1,0.36077134653481313,32130,False
GROUP,1,M2_mel_syl,0.001,2,0.2614211516603234,42840,False
GROUP,1,M2_mel_syl,0.001,3,0.40598588834554983,41650,False
GROUP,1,M2_mel_syl,0.001,mean,0.35747073601574303,159460,False
GROUP,1,M2_mel_syl,0.01,0,0.4038773842738429,42840,False
GROUP,1,M2_mel_syl,0.01,1,0.3607713763016366,32130,False
GROUP,1,M2_mel_syl,0.01,2,0.2614211721807077,42840,False
GROUP,1,M2_mel_syl,0.01,3,0.40598590804778023,41650,False
GROUP,1,M2_mel_syl,0.01,mean,0.35747076100134567,159460,False
GROUP,1,M2_mel_syl,0.1,0,0.40387769420069375,42840,False
GROUP,1,M2_mel_syl,0.1,1,0.3607716738869361,32130,False
GROUP,1,M2_mel_syl,0.1,2,0.2614213772629337,42840,False
GROUP,1,M2_mel_syl,0.1,3,0.4059861049931285,41650,False
GROUP,1,M2_mel_syl,0.1,mean,0.3574710107641594,159460,False
GROUP,1,M2_mel_syl,1.0,0,0.40388078479606226,42840,False
GROUP,1,M2_mel_syl,1.0,1,0.36077464154861205,32130,False
GROUP,1,M2_mel_syl,1.0,2,0.2614234160719048,42840,False
GROUP,1,M2_mel_syl,1.0,3,0.4059880668989172,41650,False
GROUP,1,M2_mel_syl,1.0,mean,0.35747349921284655,159460,False
GROUP,1,M2_mel_syl,10.0,0,0.4039109505757622,42840,False
GROUP,1,M2_mel_syl,10.0,1,0.3608035858292561,32130,False
GROUP,1,M2_mel_syl,10.0,2,0.2614427275814406,42840,False
GROUP,1,M2_mel_syl,10.0,3,0.4060070502767551,41650,False
GROUP,1,M2_mel_syl,10.0,mean,0.3574975820204152,159460,False
GROUP,1,M2_mel_syl,100.0,0,0.40417923760671803,42840,False
GROUP,1,M2_mel_syl,100.0,1,0.36105515017075696,32130,False
GROUP,1,M2_mel_syl,100.0,2,0.2615790971365073,42840,False
GROUP,1,M2_mel_syl,100.0,3,0.4061706388052325,41650,False
GROUP,1,M2_mel_syl,100.0,mean,0.3576997124145499,159460,False
GROUP,1,M2_mel_syl,1000.0,0,0.4061417128551752,42840,False
GROUP,1,M2_mel_syl,1000.0,1,0.3628650517601508,32130,False
GROUP,1,M2_mel_syl,1000.0,2,0.2619287902873193,42840,False
GROUP,1,M2_mel_syl,1000.0,3,0.40734909639370964,41650,False
GROUP,1,M2_mel_syl,1000.0,mean,0.35899337973457995,159460,True
GROUP,1,M3_mel_syl_boundary,0.001,0,0.40577847380459064,42840,False
GROUP,1,M3_mel_syl_boundary,0.001,1,0.29417736651296456,32130,False
GROUP,1,M3_mel_syl_boundary,0.001,2,0.2404073861543372,42840,False
GROUP,1,M3_mel_syl_boundary,0.001,3,0.3788870881486277,41650,False
GROUP,1,M3_mel_syl_boundary,0.001,mean,0.3318397607430852,159460,False
GROUP,1,M3_mel_syl_boundary,0.01,0,0.40577850592883946,42840,False
GROUP,1,M3_mel_syl_boundary,0.01,1,0.2941774285673916,32130,False
GROUP,1,M3_mel_syl_boundary,0.01,2,0.24040744860965868,42840,False
GROUP,1,M3_mel_syl_boundary,0.01,3,0.37888709638876017,41650,False
GROUP,1,M3_mel_syl_boundary,0.01,mean,0.3318398008082994,159460,False
GROUP,1,M3_mel_syl_boundary,0.1,0,0.4057788270824524,42840,False
GROUP,1,M3_mel_syl_boundary,0.1,1,0.29417804895963484,32130,False
GROUP,1,M3_mel_syl_boundary,0.1,2,0.2404080729765421,42840,False
GROUP,1,M3_mel_syl_boundary,0.1,3,0.3788871787266115,41650,False
GROUP,1,M3_mel_syl_boundary,0.1,mean,0.3318402013392936,159460,False
GROUP,1,M3_mel_syl_boundary,1.0,0,0.4057820298906675,42840,False
GROUP,1,M3_mel_syl_boundary,1.0,1,0.29418423786436065,32130,False
GROUP,1,M3_mel_syl_boundary,1.0,2,0.2404142982499392,42840,False
GROUP,1,M3_mel_syl_boundary,1.0,3,0.37888799584549415,41650,False
GROUP,1,M3_mel_syl_boundary,1.0,mean,0.3318441947014319,159460,False
GROUP,1,M3_mel_syl_boundary,10.0,0,0.40581331278854804,42840,False
GROUP,1,M3_mel_syl_boundary,10.0,1,0.29424478457272196,32130,False
GROUP,1,M3_mel_syl_boundary,10.0,2,0.24047491247957742,42840,False
GROUP,1,M3_mel_syl_boundary,10.0,3,0.3788956149301903,41650,False
GROUP,1,M3_mel_syl_boundary,10.0,mean,0.3318830732512885,159460,False
GROUP,1,M3_mel_syl_boundary,100.0,0,0.40609243465815237,42840,False
GROUP,1,M3_mel_syl_boundary,100.0,1,0.2947800189105926,32130,False
GROUP,1,M3_mel_syl_boundary,100.0,2,0.24099564555933883,42840,False
GROUP,1,M3_mel_syl_boundary,100.0,3,0.37894494004426627,41650,False
GROUP,1,M3_mel_syl_boundary,100.0,mean,0.332218688805709,159460,False
GROUP,1,M3_mel_syl_boundary,1000.0,0,0.4081394330490008,42840,False
GROUP,1,M3_mel_syl_boundary,1000.0,1,0.29873165454466977,32130,False
GROUP,1,M3_mel_syl_boundary,1000.0,2,0.24456354245627587,42840,False
GROUP,1,M3_mel_syl_boundary,1000.0,3,0.37899287309982954,41650,False
GROUP,1,M3_mel_syl_boundary,1000.0,mean,0.33453591305514985,159460,True
GROUP,1,M4_mel_syl_structure,0.001,0,0.4096190068279828,42840,False
GROUP,1,M4_mel_syl_structure,0.001,1,0.3644399256820501,32130,False
GROUP,1,M4_mel_syl_structure,0.001,2,0.20057807279411421,42840,False
GROUP,1,M4_mel_syl_structure,0.001,3,0.4127081112767568,41650,False
GROUP,1,M4_mel_syl_structure,0.001,mean,0.3451623638395323,159460,False
GROUP,1,M4_mel_syl_structure,0.01,0,0.4096190302428322,42840,False
GROUP,1,M4_mel_syl_structure,0.01,1,0.36443994817992054,32130,False
GROUP,1,M4_mel_syl_structure,0.01,2,0.20057811243077017,42840,False
GROUP,1,M4_mel_syl_structure,0.01,3,0.41270814681854195,41650,False
GROUP,1,M4_mel_syl_structure,0.01,mean,0.3451623945951978,159460,False
GROUP,1,M4_mel_syl_structure,0.1,0,0.4096192643006352,42840,False
GROUP,1,M4_mel_syl_structure,0.1,1,0.36444017307188015,32130,False
GROUP,1,M4_mel_syl_structure,0.1,2,0.20057850864215288,42840,False
GROUP,1,M4_mel_syl_structure,0.1,3,0.4127085021197494,41650,False
GROUP,1,M4_mel_syl_structure,0.1,mean,0.3451627020378535,159460,False
GROUP,1,M4_mel_syl_structure,1.0,0,0.40962159597120007,42840,False
GROUP,1,M4_mel_syl_structure,1.0,1,0.3644424134242359,32130,False
GROUP,1,M4_mel_syl_structure,1.0,2,0.2005824554071105,42840,False
GROUP,1,M4_mel_syl_structure,1.0,3,0.4127120436551289,41650,False
GROUP,1,M4_mel_syl_structure,1.0,mean,0.34516576522390346,159460,False
GROUP,1,M4_mel_syl_structure,10.0,0,0.4096441512510792,42840,False
GROUP,1,M4_mel_syl_structure,10.0,1,0.3644640510894278,32130,False
GROUP,1,M4_mel_syl_structure,10.0,2,0.2006205383877122,42840,False
GROUP,1,M4_mel_syl_structure,10.0,3,0.41274646527850234,41650,False
GROUP,1,M4_mel_syl_structure,10.0,mean,0.3451954066504375,159460,False
GROUP,1,M4_mel_syl_structure,100.0,0,0.4098351516197115,42840,False
GROUP,1,M4_mel_syl_structure,100.0,1,0.36464085838022386,32130,False
GROUP,1,M4_mel_syl_structure,100.0,2,0.20092622733667442,42840,False
GROUP,1,M4_mel_syl_structure,100.0,3,0.4130444253963208,41650,False
GROUP,1,M4_mel_syl_structure,100.0,mean,0.3454422963251281,159460,False
GROUP,1,M4_mel_syl_structure,1000.0,0,0.4110150367620756,42840,False
GROUP,1,M4_mel_syl_structure,1000.0,1,0.36570619504679436,32130,False
GROUP,1,M4_mel_syl_structure,1000.0,2,0.202511476663779,42840,False
GROUP,1,M4_mel_syl_structure,1000.0,3,0.4150253034816457,41650,False
GROUP,1,M4_mel_syl_structure,1000.0,mean,0.3469172191899389,159460,True
GROUP,1,M5_full,0.001,0,0.4118134301259141,42840,False
GROUP,1,M5_full,0.001,1,0.39204076821469436,32130,False
GROUP,1,M5_full,0.001,2,0.25250419330862206,42840,False
GROUP,1,M5_full,0.001,3,0.36222249212989976,41650,False
GROUP,1,M5_full,0.001,mean,0.3520770329103473,159460,False
GROUP,1,M5_full,0.01,0,0.4118134516847797,42840,False
GROUP,1,M5_full,0.01,1,0.3920408395193803,32130,False
GROUP,1,M5_full,0.01,2,0.2525042233189926,42840,False
GROUP,1,M5_full,0.01,3,0.36222252356480755,41650,False
GROUP,1,M5_full,0.01,mean,0.3520770693427413,159460,False
GROUP,1,M5_full,0.1,0,0.41181366718247026,42840,False
GROUP,1,M5_full,0.1,1,0.3920415523930094,32130,False
GROUP,1,M5_full,0.1,2,0.2525045232646461,42840,False
GROUP,1,M5_full,0.1,3,0.36222283780183206,41650,False
GROUP,1,M5_full,0.1,mean,0.3520774335356087,159460,False
GROUP,1,M5_full,1.0,0,0.41181581322641425,42840,False
GROUP,1,M5_full,1.0,1,0.3920486640599625,32130,False
GROUP,1,M5_full,1.0,2,0.2525075071019667,42840,False
GROUP,1,M5_full,1.0,3,0.3622259691334303,41650,False
GROUP,1,M5_full,1.0,mean,0.3520810625456027,159460,False
GROUP,1,M5_full,10.0,0,0.4118365110226708,42840,False
GROUP,1,M5_full,10.0,1,0.39211828163608986,32130,False
GROUP,1,M5_full,10.0,2,0.25253594322920236,42840,False
GROUP,1,M5_full,10.0,3,0.36225631857299634,41650,False
GROUP,1,M5_full,10.0,mean,0.35211621721863234,159460,False
GROUP,1,M5_full,100.0,0,0.4120089893789588,42840,False
GROUP,1,M5_full,100.0,1,0.39274022195615643,32130,False
GROUP,1,M5_full,100.0,2,0.25274649994099374,42840,False
GROUP,1,M5_full,100.0,3,0.36251352673341364,41650,False
GROUP,1,M5_full,100.0,mean,0.3524116197313731,159460,False
GROUP,1,M5_full,1000.0,0,0.41300171413468667,42840,False
GROUP,1,M5_full,1000.0,1,0.39729650559303886,32130,False
GROUP,1,M5_full,1000.0,2,0.25352082952844146,42840,False
GROUP,1,M5_full,1000.0,3,0.3641117539732861,41650,False
GROUP,1,M5_full,1000.0,mean,0.3542218553130573,159460,True
GROUP,2,M1_mel,0.001,0,0.38659752046499873,42840,False
GROUP,2,M1_mel,0.001,1,0.33098984495774975,32130,False
GROUP,2,M1_mel,0.001,2,0.23744678497767668,42840,False
GROUP,2,M1_mel,0.001,3,0.378803850538202,41650,False
GROUP,2,M1_mel,0.001,mean,0.33328698193009426,159460,False
GROUP,2,M1_mel,0.01,0,0.38659753949421705,42840,False
GROUP,2,M1_mel,0.01,1,0.3309898781413829,32130,False
GROUP,2,M1_mel,0.01,2,0.2374468105547085,42840,False
GROUP,2,M1_mel,0.01,3,0.37880386978968483,41650,False
GROUP,2,M1_mel,0.01,mean,0.3332870056284898,159460,False
GROUP,2,M1_mel,0.1,0,0.38659772969778483,42840,False
GROUP,2,M1_mel,0.1,1,0.33099020982919003,32130,False
GROUP,2,M1_mel,0.1,2,0.23744706624820078,42840,False
GROUP,2,M1_mel,0.1,3,0.37880406223165075,41650,False
GROUP,2,M1_mel,0.1,mean,0.3332872425190402,159460,False
GROUP,2,M1_mel,1.0,0,0.38659962302236883,42840,False
GROUP,2,M1_mel,1.0,1,0.33099351208132033,32130,False
GROUP,2,M1_mel,1.0,2,0.23744961564973,42840,False
GROUP,2,M1_mel,1.0,3,0.3788059794909535,41650,False
GROUP,2,M1_mel,1.0,mean,0.3332896022430939,159460,False
GROUP,2,M1_mel,10.0,0,0.386617806564324,42840,False
GROUP,2,M1_mel,10.0,1,0.33102526154413503,32130,False
GROUP,2,M1_mel,10.0,2,0.23747447414512346,42840,False
GROUP,2,M1_mel,10.0,3,0.3788245393675237,41650,False
GROUP,2,M1_mel,10.0,mean,0.3333124107842917,159460,False
GROUP,2,M1_mel,100.0,0,0.3867656561202103,42840,False
GROUP,2,M1_mel,100.0,1,0.33128432944767483,32130,False
GROUP,2,M1_mel,100.0,2,0.23769494605579145,42840,False
GROUP,2,M1_mel,100.0,3,0.3789837724172137,41650,False
GROUP,2,M1_mel,100.0,mean,0.333505153791237,159460,False
GROUP,2,M1_mel,1000.0,0,0.38768781388379325,42840,False
GROUP,2,M1_mel,1000.0,1,0.33295677175253924,32130,False
GROUP,2,M1_mel,1000.0,2,0.23938715557895207,42840,False
GROUP,2,M1_mel,1000.0,3,0.380163814146664,41650,False
GROUP,2,M1_mel,1000.0,mean,0.3348527256202286,159460,True
GROUP,2,M2_mel_syl,0.001,0,0.4044083827622523,42840,False
GROUP,2,M2_mel_syl,0.001,1,0.35772039677140255,32130,False
GROUP,2,M2_mel_syl,0.001,2,0.2674750394087855,42840,False
GROUP,2,M2_mel_syl,0.001,3,0.3834107882815786,41650,False
GROUP,2,M2_mel_syl,0.001,mean,0.3527285932898543,159460,False
GROUP,2,M2_mel_syl,0.01,0,0.40440840132711375,42840,False
GROUP,2,M2_mel_syl,0.01,1,0.35772042458226827,32130,False
GROUP,2,M2_mel_syl,0.01,2,0.2674750669904351,42840,False
GROUP,2,M2_mel_syl,0.01,3,0.38341081720924197,41650,False
GROUP,2,M2_mel_syl,0.01,mean,0.3527286188468393,159460,False
GROUP,2,M2_mel_syl,0.1,0,0.4044085868872215,42840,False
GROUP,2,M2_mel_syl,0.1,1,0.35772070257177646,32130,False
GROUP,2,M2_mel_syl,0.1,2,0.2674753427288341,42840,False
GROUP,2,M2_mel_syl,0.1,3,0.3834111064006348,41650,False
GROUP,2,M2_mel_syl,0.1,mean,0.3527288743256581,159460,False
GROUP,2,M2_mel_syl,1.0,0,0.40441043378650776,42840,False
GROUP,2,M2_mel_syl,1.0,1,0.35772347072903277,32130,False
GROUP,2,M2_mel_syl,1.0,2,0.267478092448058,42840,False
GROUP,2,M2_mel_syl,1.0,3,0.3834139899255964,41650,False
GROUP,2,M2_mel_syl,1.0,mean,0.3527314201606278,159460,False
GROUP,2,M2_mel_syl,10.0,0,0.40442815285115075,42840,False
GROUP,2,M2_mel_syl,10.0,1,0.35775012705508447,32130,False
GROUP,2,M2_mel_syl,10.0,2,0.2675049379820803,42840,False
GROUP,2,M2_mel_syl,10.0,3,0.3834420983923096,41650,False
GROUP,2,M2_mel_syl,10.0,mean,0.35275610555383907,159460,False
GROUP,2,M2_mel_syl,100.0,0,0.4045712150063884,42840,False
GROUP,2,M2_mel_syl,100.0,1,0.35796865594603167,32130,False
GROUP,2,M2_mel_syl,100.0,2,0.2677433373251813,42840,False
GROUP,2,M2_mel_syl,100.0,3,0.3836901947276412,41650,False
GROUP,2,M2_mel_syl,100.0,mean,0.35296742096975225,159460,False
GROUP,2,M2_mel_syl,1000.0,0,0.40542521298526035,42840,False
GROUP,2,M2_mel_syl,1000.0,1,0.35935223914492287,32130,False
GROUP,2,M2_mel_syl,1000.0,2,0.2695157087268558,42840,False
GROUP,2,M2_mel_syl,1000.0,3,0.38559006266330287,41650,False
GROUP,2,M2_mel_syl,1000.0,mean,0.3544480285952589,159460,True
GROUP,2,M3_mel_syl_boundary,0.001,0,0.4014526321238274,42840,False
GROUP,2,M3_mel_syl_boundary,0.001,1,0.4230170479272426,32130,False
GROUP,2,M3_mel_syl_boundary,0.001,2,0.23608780198194967,42840,False
GROUP,2,M3_mel_syl_boundary,0.001,3,0.39180483849472714,41650,False
GROUP,2,M3_mel_syl_boundary,0.001,mean,0.35885138260566396,159460,False
GROUP,2,M3_mel_syl_boundary,0.01,0,0.40145265269372155,42840,False
GROUP,2,M3_mel_syl_boundary,0.01,1,0.4230170921165095,32130,False
GROUP,2,M3_mel_syl_boundary,0.01,2,0.23608781938200318,42840,False
GROUP,2,M3_mel_syl_boundary,0.01,3,0.3918048637950501,41650,False
GROUP,2,M3_mel_syl_boundary,0.01,mean,0.35885140831864626,159460,False
GROUP,2,M3_mel_syl_boundary,0.1,0,0.40145285830469946,42840,False
GROUP,2,M3_mel_syl_boundary,0.1,1,0.4230175338604809,32130,False
GROUP,2,M3_mel_syl_boundary,0.1,2,0.2360879933055654,42840,False
GROUP,2,M3_mel_syl_boundary,0.1,3,0.39180511671117213,41650,False
GROUP,2,M3_mel_syl_boundary,0.1,mean,0.3588516653514444,159460,False
GROUP,2,M3_mel_syl_boundary,1.0,0,0.401454905764528,42840,False
GROUP,2,M3_mel_syl_boundary,1.0,1,0.423021936682868,32130,False
GROUP,2,M3_mel_syl_boundary,1.0,2,0.23608972493088154,42840,False
GROUP,2,M3_mel_syl_boundary,1.0,3,0.3918076373178738,41650,False
GROUP,2,M3_mel_syl_boundary,1.0,mean,0.3588542261313266,159460,False
GROUP,2,M3_mel_syl_boundary,10.0,0,0.40147463367905933,42840,False
GROUP,2,M3_mel_syl_boundary,10.0,1,0.423064709711072,32130,False
GROUP,2,M3_mel_syl_boundary,10.0,2,0.23610635543002545,42840,False
GROUP,2,M3_mel_syl_boundary,10.0,3,0.3918321151794574,41650,False
GROUP,2,M3_mel_syl_boundary,10.0,mean,0.35887900598064926,159460,False
GROUP,2,M3_mel_syl_boundary,100.0,0,0.40163758735590127,42840,False
GROUP,2,M3_mel_syl_boundary,100.0,1,0.42343658392694516,32130,False
GROUP,2,M3_mel_syl_boundary,100.0,2,0.2362350173160278,42840,False
GROUP,2,M3_mel_syl_boundary,100.0,3,0.3920457916982901,41650,False
GROUP,2,M3_mel_syl_boundary,100.0,mean,0.3590880913705755,159460,False
GROUP,2,M3_mel_syl_boundary,1000.0,0,0.4026702922657004,42840,False
GROUP,2,M3_mel_syl_boundary,1000.0,1,0.42615250329245424,32130,False
GROUP,2,M3_mel_syl_boundary,1000.0,2,0.23676197408553812,42840,False
GROUP,2,M3_mel_syl_boundary,1000.0,3,0.39359928742223094,41650,False
GROUP,2,M3_mel_syl_boundary,1000.0,mean,0.36046010624864877,159460,True
GROUP,2,M4_mel_syl_structure,0.001,0,0.4183951989276331,42840,False
GROUP,2,M4_mel_syl_structure,0.001,1,0.4206531892589216,32130,False
GROUP,2,M4_mel_syl_structure,0.001,2,0.2633627838937177,42840,False
GROUP,2,M4_mel_syl_structure,0.001,3,0.35398272420635213,41650,False
GROUP,2,M4_mel_syl_structure,0.001,mean,0.3603755137222525,159460,False
GROUP,2,M4_mel_syl_structure,0.01,0,0.4183952197275791,42840,False
GROUP,2,M4_mel_syl_structure,0.01,1,0.42065323962596335,32130,False
GROUP,2,M4_mel_syl_structure,0.01,2,0.263362789118055,42840,False
GROUP,2,M4_mel_syl_structure,0.01,3,0.35398275670149626,41650,False
GROUP,2,M4_mel_syl_structure,0.01,mean,0.3603755393499717,159460,False
GROUP,2,M4_mel_syl_structure,0.1,0,0.41839542763878057,42840,False
GROUP,2,M4_mel_syl_structure,0.1,1,0.42065374314365,32130,False
GROUP,2,M4_mel_syl_structure,0.1,2,0.263362841299176,42840,False
GROUP,2,M4_mel_syl_structure,0.1,3,0.3539830815563082,41650,False
GROUP,2,M4_mel_syl_structure,0.1,mean,0.3603757955307147,159460,False
GROUP,2,M4_mel_syl_structure,1.0,0,0.41839749807728677,42840,False
GROUP,2,M4_mel_syl_structure,1.0,1,0.4206587633041352,32130,False
GROUP,2,M4_mel_syl_structure,1.0,2,0.26336335695684476,42840,False
GROUP,2,M4_mel_syl_structure,1.0,3,0.3539863205858126,41650,False
GROUP,2,M4_mel_syl_structure,1.0,mean,0.3603783478428644,159460,False
GROUP,2,M4_mel_syl_structure,10.0,0,0.4184174583553114,42840,False
GROUP,2,M4_mel_syl_structure,10.0,1,0.4207076732674502,32130,False
GROUP,2,M4_mel_syl_structure,10.0,2,0.2633679615375726,42840,False
GROUP,2,M4_mel_syl_structure,10.0,3,0.354017878523726,41650,False
GROUP,2,M4_mel_syl_structure,10.0,mean,0.3604030450947417,159460,False
GROUP,2,M4_mel_syl_structure,100.0,0,0.41858333581570206,42840,False
GROUP,2,M4_mel_syl_structure,100.0,1,0.4211383599920355,32130,False
GROUP,2,M4_mel_syl_structure,100.0,2,0.26338445501575636,42840,False
GROUP,2,M4_mel_syl_structure,100.0,3,0.3542937308871825,41650,False
GROUP,2,M4_mel_syl_structure,100.0,mean,0.3606108714236481,159460,False
GROUP,2,M4_mel_syl_structure,1000.0,0,0.4195468960076508,42840,False
GROUP,2,M4_mel_syl_structure,1000.0,1,0.4242653462737125,32130,False
GROUP,2,M4_mel_syl_structure,1000.0,2,0.2629836468189246,42840,False
GROUP,2,M4_mel_syl_structure,1000.0,3,0.3562213809627287,41650,False
GROUP,2,M4_mel_syl_structure,1000.0,mean,0.36189561361822725,159460,True
GROUP,2,M5_full,0.001,0,0.4067335593667306,42840,False
GROUP,2,M5_full,0.001,1,0.3579989014458017,32130,False
GROUP,2,M5_full,0.001,2,0.27024270497511593,42840,False
GROUP,2,M5_full,0.001,3,0.3880266386157023,41650,False
GROUP,2,M5_full,0.001,mean,0.3553585687081545,159460,False
GROUP,2,M5_full,0.01,0,0.40673357403192467,42840,False
GROUP,2,M5_full,0.01,1,0.35799893957875173,32130,False
GROUP,2,M5_full,0.01,2,0.27024274399112846,42840,False
GROUP,2,M5_full,0.01,3,0.3880266582290931,41650,False
GROUP,2,M5_full,0.01,mean,0.35535859593637664,159460,False
GROUP,2,M5_full,0.1,0,0.4067337205947934,42840,False
GROUP,2,M5_full,0.1,1,0.3579993207772161,32130,False
GROUP,2,M5_full,0.1,2,0.2702431340774287,42840,False
GROUP,2,M5_full,0.1,3,0.3880268542827464,41650,False
GROUP,2,M5_full,0.1,mean,0.3553588681274698,159460,False
GROUP,2,M5_full,1.0,0,0.40673517746292676,42840,False
GROUP,2,M5_full,1.0,1,0.35800311984926114,32130,False
GROUP,2,M5_full,1.0,2,0.27024702769633413,42840,False
GROUP,2,M5_full,1.0,3,0.38802880692077446,41650,False
GROUP,2,M5_full,1.0,mean,0.35536158107381005,159460,False
GROUP,2,M5_full,10.0,0,0.40674898869543086,42840,False
GROUP,2,M5_full,10.0,1,0.35803997944309585,32130,False
GROUP,2,M5_full,10.0,2,0.2702853482729064,42840,False
GROUP,2,M5_full,10.0,3,0.3880476488338441,41650,False
GROUP,2,M5_full,10.0,mean,0.3553879349627483,159460,False
GROUP,2,M5_full,100.0,0,0.40685180158504974,42840,False
GROUP,2,M5_full,100.0,1,0.3583542639977645,32130,False
GROUP,2,M5_full,100.0,2,0.27063894130413,42840,False
GROUP,2,M5_full,100.0,3,0.38820489535565406,41650,False
GROUP,2,M5_full,100.0,mean,0.35561494932386567,159460,False
GROUP,2,M5_full,1000.0,0,0.4072209225212454,42840,False
GROUP,2,M5_full,1000.0,1,0.360423349705176,32130,False
GROUP,2,M5_full,1000.0,2,0.27330422982054947,42840,False
GROUP,2,M5_full,1000.0,3,0.3892460639726395,41650,False
GROUP,2,M5_full,1000.0,mean,0.3571190161596026,159460,True
GROUP,3,M1_mel,0.001,0,0.3597678786464965,42840,False
GROUP,3,M1_mel,0.001,1,0.3456645265392432,32130,False
GROUP,3,M1_mel,0.001,2,0.36298386709503005,32130,False
GROUP,3,M1_mel,0.001,3,0.36624039483274995,41650,False
GROUP,3,M1_mel,0.001,mean,0.359228512628364,148750,False
GROUP,3,M1_mel,0.01,0,0.35976794759405306,42840,False
GROUP,3,M1_mel,0.01,1,0.3456645511824509,32130,False
GROUP,3,M1_mel,0.01,2,0.3629838865318381,32130,False
GROUP,3,M1_mel,0.01,3,0.36624041877865754,41650,False
GROUP,3,M1_mel,0.01,mean,0.3592285487113978,148750,False
GROUP,3,M1_mel,0.1,0,0.35976863691007366,42840,False
GROUP,3,M1_mel,0.1,1,0.3456647975228935,32130,False
GROUP,3,M1_mel,0.1,2,0.3629840807812035,32130,False
GROUP,3,M1_mel,0.1,3,0.36624065810538387,41650,False
GROUP,3,M1_mel,0.1,mean,0.3592289094132936,148750,False
GROUP,3,M1_mel,1.0,0,0.35977551437852395,42840,False
GROUP,3,M1_mel,1.0,1,0.3456672519268219,32130,False
GROUP,3,M1_mel,1.0,2,0.36298601161761024,32130,False
GROUP,3,M1_mel,1.0,3,0.36624303836349603,41650,False
GROUP,3,M1_mel,1.0,mean,0.35923250380839117,148750,False
GROUP,3,M1_mel,10.0,0,0.35984292928869144,42840,False
GROUP,3,M1_mel,10.0,1,0.3456910265044171,32130,False
GROUP,3,M1_mel,10.0,2,0.36300432741449906,32130,False
GROUP,3,M1_mel,10.0,3,0.3662657251438074,41650,False
GROUP,3,M1_mel,10.0,mean,0.35926736312189506,148750,False
GROUP,3,M1_mel,100.0,0,0.36044940196991837,42840,False
GROUP,3,M1_mel,100.0,1,0.3458942368399225,32130,False
GROUP,3,M1_mel,100.0,2,0.3631444933647727,32130,False
GROUP,3,M1_mel,100.0,3,0.3664442579264314,41650,False
GROUP,3,M1_mel,100.0,mean,0.3595661857109515,148750,False
GROUP,3,M1_mel,1000.0,0,0.3647505689047278,42840,False
GROUP,3,M1_mel,1000.0,1,0.3472763512164986,32130,False
GROUP,3,M1_mel,1000.0,2,0.36387895748065324,32130,False
GROUP,3,M1_mel,1000.0,3,0.3675255971718896,41650,False
GROUP,3,M1_mel,1000.0,mean,0.3615648777312755,148750,True
GROUP,3,M2_mel_syl,0.001,0,0.38109030333046134,42840,False
GROUP,3,M2_mel_syl,0.001,1,0.35231849804021687,32130,False
GROUP,3,M2_mel_syl,0.001,2,0.37908846055665724,32130,False
GROUP,3,M2_mel_syl,0.001,3,0.3959608657520798,41650,False
GROUP,3,M2_mel_syl,0.001,mean,0.37860695282668,148750,False
GROUP,3,M2_mel_syl,0.01,0,0.38109037111227495,42840,False
GROUP,3,M2_mel_syl,0.01,1,0.35231852249148765,32130,False
GROUP,3,M2_mel_syl,0.01,2,0.3790884870603545,32130,False
GROUP,3,M2_mel_syl,0.01,3,0.39596088185899925,41650,False
GROUP,3,M2_mel_syl,0.01,mean,0.3786069878640529,148750,False
GROUP,3,M2_mel_syl,0.1,0,0.38109104876621136,42840,False
GROUP,3,M2_mel_syl,0.1,1,0.3523187668674834,32130,False
GROUP,3,M2_mel_syl,0.1,2,0.3790887520067515,32130,False
GROUP,3,M2_mel_syl,0.1,3,0.3959610428137814,41650,False
GROUP,3,M2_mel_syl,0.1,mean,0.3786073381093624,148750,False
GROUP,3,M2_mel_syl,1.0,0,0.3810978091636088,42840,False
GROUP,3,M2_mel_syl,1.0,1,0.35232119721699284,32130,False
GROUP,3,M2_mel_syl,1.0,2,0.3790913925560546,32130,False
GROUP,3,M2_mel_syl,1.0,3,0.39596264110727397,41650,False
GROUP,3,M2_mel_syl,1.0,mean,0.37861082794013423,148750,False
GROUP,3,M2_mel_syl,10.0,0,0.3811640191437474,42840,False
GROUP,3,M2_mel_syl,10.0,1,0.3523443652711197,32130,False
GROUP,3,M2_mel_syl,10.0,2,0.37911702441422224,32130,False
GROUP,3,M2_mel_syl,10.0,3,0.3959776527042451,41650,False
GROUP,3,M2_mel_syl,10.0,mean,0.37864464044262175,148750,False
GROUP,3,M2_mel_syl,100.0,0,0.3817570522332119,42840,False
GROUP,3,M2_mel_syl,100.0,1,0.35252677763629703,32130,False
GROUP,3,M2_mel_syl,100.0,2,0.379337404655401,32130,False
GROUP,3,M2_mel_syl,100.0,3,0.3960845344826922,41650,False
GROUP,3,M2_mel_syl,100.0,mean,0.3789323640733256,148750,False
GROUP,3,M2_mel_syl,1000.0,0,0.3858783698914702,42840,False
GROUP,3,M2_mel_syl,1000.0,1,0.3535086774476789,32130,False
GROUP,3,M2_mel_syl,1000.0,2,0.3808864251811839,32130,False
GROUP,3,M2_mel_syl,1000.0,3,0.39649517798047174,41650,False
GROUP,3,M2_mel_syl,1000.0,mean,0.3807809625311098,148750,True
GROUP,3,M3_mel_syl_boundary,0.001,0,0.3821230816162835,42840,False
GROUP,3,M3_mel_syl_boundary,0.001,1,0.3788785340816857,32130,False
GROUP,3,M3_mel_syl_boundary,0.001,2,0.3872465229175541,32130,False
GROUP,3,M3_mel_syl_boundary,0.001,3,0.38602567529202314,41650,False
GROUP,3,M3_mel_syl_boundary,0.001,mean,0.3836216488990919,148750,False
GROUP,3,M3_mel_syl_boundary,0.01,0,0.38212314829247707,42840,False
GROUP,3,M3_mel_syl_boundary,0.01,1,0.3788785611211296,32130,False
GROUP,3,M3_mel_syl_boundary,0.01,2,0.387246532615415,32130,False
GROUP,3,M3_mel_syl_boundary,0.01,3,0.3860256998428736,41650,False
GROUP,3,M3_mel_syl_boundary,0.01,mean,0.38362168291133164,148750,False
GROUP,3,M3_mel_syl_boundary,0.1,0,0.382123814886145,42840,False
GROUP,3,M3_mel_syl_boundary,0.1,1,0.3788788314257914,32130,False
GROUP,3,M3_mel_syl_boundary,0.1,2,0.38724662952677524,32130,False
GROUP,3,M3_mel_syl_boundary,0.1,3,0.38602594518074196,41650,False
GROUP,3,M3_mel_syl_boundary,0.1,mean,0.3836220229035719,148750,False
GROUP,3,M3_mel_syl_boundary,1.0,0,0.3821304642824991,42840,False
GROUP,3,M3_mel_syl_boundary,1.0,1,0.3788815256356707,32130,False
GROUP,3,M3_mel_syl_boundary,1.0,2,0.3872475920349947,32130,False
GROUP,3,M3_mel_syl_boundary,1.0,3,0.38602838179154497,41650,False
GROUP,3,M3_mel_syl_boundary,1.0,mean,0.3836254100318561,148750,False
GROUP,3,M3_mel_syl_boundary,10.0,0,0.3821955308911177,42840,False
GROUP,3,M3_mel_syl_boundary,10.0,1,0.3789077001309725,32130,False
GROUP,3,M3_mel_syl_boundary,10.0,2,0.3872566529344731,32130,False
GROUP,3,M3_mel_syl_boundary,10.0,3,0.3860513123250334,41650,False
GROUP,3,M3_mel_syl_boundary,10.0,mean,0.38365818060978746,148750,False
GROUP,3,M3_mel_syl_boundary,100.0,0,0.3827757450765127,42840,False
GROUP,3,M3_mel_syl_boundary,100.0,1,0.3791335996014583,32130,False
GROUP,3,M3_mel_syl_boundary,100.0,2,0.38732248403461533,32130,False
GROUP,3,M3_mel_syl_boundary,100.0,3,0.38621802582968234,41650,False
GROUP,3,M3_mel_syl_boundary,100.0,mean,0.3839349758797386,148750,False
GROUP,3,M3_mel_syl_boundary,1000.0,0,0.3867532620578118,42840,False
GROUP,3,M3_mel_syl_boundary,1000.0,1,0.3807330080396528,32130,False
GROUP,3,M3_mel_syl_boundary,1000.0,2,0.387582857507935,32130,False
GROUP,3,M3_mel_syl_boundary,1000.0,3,0.3869334707864468,41650,False
GROUP,3,M3_mel_syl_boundary,1000.0,mean,0.3856825382511339,148750,True
GROUP,3,M4_mel_syl_structure,0.001,0,0.4137123745358442,42840,False
GROUP,3,M4_mel_syl_structure,0.001,1,0.3555018563611275,32130,False
GROUP,3,M4_mel_syl_structure,0.001,2,0.38178867493558377,32130,False
GROUP,3,M4_mel_syl_structure,0.001,3,0.3723349118366561,41650,False
GROUP,3,M4_mel_syl_structure,0.001,mean,0.3826576939406765,148750,False
GROUP,3,M4_mel_syl_structure,0.01,0,0.41371240714920954,42840,False
GROUP,3,M4_mel_syl_structure,0.01,1,0.35550188876858857,32130,False
GROUP,3,M4_mel_syl_structure,0.01,2,0.3817887097465692,32130,False
GROUP,3,M4_mel_syl_structure,0.01,3,0.37233494445079074,41650,False
GROUP,3,M4_mel_syl_structure,0.01,mean,0.3826577269844678,148750,False
GROUP,3,M4_mel_syl_structure,0.1,0,0.41371273312534973,42840,False
GROUP,3,M4_mel_syl_structure,0.1,1,0.35550221274531213,32130,False
GROUP,3,M4_mel_syl_structure,0.1,2,0.3817890577086632,32130,False
GROUP,3,M4_mel_syl_structure,0.1,3,0.3723352704891295,41650,False
GROUP,3,M4_mel_syl_structure,0.1,mean,0.38265805729511565,148750,False
GROUP,3,M4_mel_syl_structure,1.0,0,0.4137159774323993,42840,False
GROUP,3,M4_mel_syl_structure,1.0,1,0.35550544288939334,32130,False
GROUP,3,M4_mel_syl_structure,1.0,2,0.38179252277861064,32130,False
GROUP,3,M4_mel_syl_structure,1.0,3,0.3723385207602633,41650,False
GROUP,3,M4_mel_syl_structure,1.0,mean,0.38266134789769357,148750,False
GROUP,3,M4_mel_syl_structure,10.0,0,0.413747111696688,42840,False
GROUP,3,M4_mel_syl_structure,10.0,1,0.35553691530779263,32130,False
GROUP,3,M4_mel_syl_structure,10.0,2,0.38182590484645396,32130,False
GROUP,3,M4_mel_syl_structure,10.0,3,0.3723701597059318,41650,False
GROUP,3,M4_mel_syl_structure,10.0,mean,0.38269318203962427,148750,False
GROUP,3,M4_mel_syl_structure,100.0,0,0.41400122375928994,42840,False
GROUP,3,M4_mel_syl_structure,100.0,1,0.3558127796606091,32130,False
GROUP,3,M4_mel_syl_structure,100.0,2,0.38209971624367545,32130,False
GROUP,3,M4_mel_syl_structure,100.0,3,0.3726467573236596,41650,False
GROUP,3,M4_mel_syl_structure,100.0,mean,0.3829625436086256,148750,False
GROUP,3,M4_mel_syl_structure,1000.0,0,0.4154223714407955,42840,False
GROUP,3,M4_mel_syl_structure,1000.0,1,0.35770149494237224,32130,False
GROUP,3,M4_mel_syl_structure,1000.0,2,0.38369380761642513,32130,False
GROUP,3,M4_mel_syl_structure,1000.0,3,0.374535592211224,41650,False
GROUP,3,M4_mel_syl_structure,1000.0,mean,0.38465299414679205,148750,True
GROUP,3,M5_full,0.001,0,0.389127647874174,42840,False
GROUP,3,M5_full,0.001,1,0.3527191482786829,32130,False
GROUP,3,M5_full,0.001,2,0.37073044648284625,32130,False
GROUP,3,M5_full,0.001,3,0.40113454784626856,41650,False
GROUP,3,M5_full,0.001,mean,0.38065154845320764,148750,False
GROUP,3,M5_full,0.01,0,0.38912770251249684,42840,False
GROUP,3,M5_full,0.01,1,0.3527191785093374,32130,False
GROUP,3,M5_full,0.01,2,0.37073049228915844,32130,False
GROUP,3,M5_full,0.01,3,0.4011345560913795,41650,False
GROUP,3,M5_full,0.01,mean,0.38065158292166046,148750,False
GROUP,3,M5_full,0.1,0,0.3891282487328215,42840,False
GROUP,3,M5_full,0.1,1,0.3527194807257591,32130,False
GROUP,3,M5_full,0.1,2,0.3707309502296361,32130,False
GROUP,3,M5_full,0.1,3,0.4011346384203691,41650,False
GROUP,3,M5_full,0.1,mean,0.3806519274791213,148750,False
GROUP,3,M5_full,1.0,0,0.3891336949209878,42840,False
GROUP,3,M5_full,1.0,1,0.3527224940249246,32130,False
GROUP,3,M5_full,1.0,2,0.3707355175779382,32130,False
GROUP,3,M5_full,1.0,3,0.40113544969932613,41650,False
GROUP,3,M5_full,1.0,mean,0.38065536055927424,148750,False
GROUP,3,M5_full,10.0,0,0.38918677272652114,42840,False
GROUP,3,M5_full,10.0,1,0.3527518597018453,32130,False
GROUP,3,M5_full,10.0,2,0.37078015331172975,32130,False
GROUP,3,M5_full,10.0,3,0.40114252719619736,41650,False
GROUP,3,M5_full,10.0,mean,0.3806886129711055,148750,False
GROUP,3,M5_full,100.0,0,0.38964853828129475,42840,False
GROUP,3,M5_full,100.0,1,0.3530088672443149,32130,False
GROUP,3,M5_full,100.0,2,0.3711772834061824,32130,False
GROUP,3,M5_full,100.0,3,0.401167618187405,41650,False
GROUP,3,M5_full,100.0,mean,0.3809699206579937,148750,False
GROUP,3,M5_full,1000.0,0,0.39247400783809905,42840,False
GROUP,3,M5_full,1000.0,1,0.354735052637315,32130,False
GROUP,3,M5_full,1000.0,2,0.37390585113768315,32130,False
GROUP,3,M5_full,1000.0,3,0.40078434688242437,41650,False
GROUP,3,M5_full,1000.0,mean,0.38263856659985096,148750,True
GROUP,4,M1_mel,0.001,0,0.3858477146414462,42840,False
GROUP,4,M1_mel,0.001,1,0.31051733354265754,32130,False
GROUP,4,M1_mel,0.001,2,0.3608056488420419,32130,False
GROUP,4,M1_mel,0.001,3,0.2142527267733172,42840,False
GROUP,4,M1_mel,0.001,mean,0.315312193772368,149940,False
GROUP,4,M1_mel,0.01,0,0.3858477389049215,42840,False
GROUP,4,M1_mel,0.01,1,0.3105173969376339,32130,False
GROUP,4,M1_mel,0.01,2,0.3608056653454831,32130,False
GROUP,4,M1_mel,0.01,3,0.2142527880242885,42840,False
GROUP,4,M1_mel,0.01,mean,0.3153122353261565,149940,False
GROUP,4,M1_mel,0.1,0,0.38584798145107513,42840,False
GROUP,4,M1_mel,0.1,1,0.3105180307369927,32130,False
GROUP,4,M1_mel,0.1,2,0.36080583031472313,32130,False
GROUP,4,M1_mel,0.1,3,0.2142534005008061,42840,False
GROUP,4,M1_mel,0.1,mean,0.315312650783048,149940,False
GROUP,4,M1_mel,1.0,0,0.3858503982200897,42840,False
GROUP,4,M1_mel,1.0,1,0.3105243539178656,32130,False
GROUP,4,M1_mel,1.0,2,0.3608074736057393,32130,False
GROUP,4,M1_mel,1.0,3,0.21425952198514653,42840,False
GROUP,4,M1_mel,1.0,mean,0.31531679738512564,149940,False
GROUP,4,M1_mel,10.0,0,0.38587383042835643,42840,False
GROUP,4,M1_mel,10.0,1,0.31058629387752446,32130,False
GROUP,4,M1_mel,10.0,2,0.3608233613519848,32130,False
GROUP,4,M1_mel,10.0,3,0.21432044092885683,42840,False
GROUP,4,M1_mel,10.0,mean,0.31535757507981294,149940,False
GROUP,4,M1_mel,100.0,0,0.38607665685765147,42840,False
GROUP,4,M1_mel,100.0,1,0.3111430350308033,32130,False
GROUP,4,M1_mel,100.0,2,0.3609589660471233,32130,False
GROUP,4,M1_mel,100.0,3,0.21491053625686873,42840,False
GROUP,4,M1_mel,100.0,mean,0.31573248397799003,149940,False
GROUP,4,M1_mel,1000.0,0,0.38752181838076616,42840,False
GROUP,4,M1_mel,1000.0,1,0.3153628471593791,32130,False
GROUP,4,M1_mel,1000.0,2,0.36192283573196493,32130,False
GROUP,4,M1_mel,1000.0,3,0.22007850094408676,42840,False
GROUP,4,M1_mel,1000.0,mean,0.3187327375695317,149940,True
GROUP,4,M2_mel_syl,0.001,0,0.4099875300693706,42840,False
GROUP,4,M2_mel_syl,0.001,1,0.33450877657444633,32130,False
GROUP,4,M2_mel_syl,0.001,2,0.36252121352314437,32130,False
GROUP,4,M2_mel_syl,0.001,3,0.24952138911396393,42840,False
GROUP,4,M2_mel_syl,0.001,mean,0.33779468907329363,149940,False
GROUP,4,M2_mel_syl,0.01,0,0.40998755078267846,42840,False
GROUP,4,M2_mel_syl,0.01,1,0.33450881732324944,32130,False
GROUP,4,M2_mel_syl,0.01,2,0.36252124375826533,32130,False
GROUP,4,M2_mel_syl,0.01,3,0.2495214411486183,42840,False
GROUP,4,M2_mel_syl,0.01,mean,0.3377947250692665,149940,False
GROUP,4,M2_mel_syl,0.1,0,0.4099877578221802,42840,False
GROUP,4,M2_mel_syl,0.1,1,0.3345092247528775,32130,False
GROUP,4,M2_mel_syl,0.1,2,0.36252154598767217,32130,False
GROUP,4,M2_mel_syl,0.1,3,0.24952196145544414,42840,False
GROUP,4,M2_mel_syl,0.1,mean,0.3377950849522962,149940,False
GROUP,4,M2_mel_syl,1.0,0,0.4099898190361013,42840,False
GROUP,4,M2_mel_syl,1.0,1,0.3345132932863082,32130,False
GROUP,4,M2_mel_syl,1.0,2,0.36252455631751823,32130,False
GROUP,4,M2_mel_syl,1.0,3,0.2495271605922047,42840,False
GROUP,4,M2_mel_syl,1.0,mean,0.33779867623747883,149940,False
GROUP,4,M2_mel_syl,10.0,0,0.4100096538473381,42840,False
GROUP,4,M2_mel_syl,10.0,1,0.33455346722371304,32130,False
GROUP,4,M2_mel_syl,10.0,2,0.3625536375661512,32130,False
GROUP,4,M2_mel_syl,10.0,3,0.24957879320727094,42840,False
GROUP,4,M2_mel_syl,10.0,mean,0.3378339358991449,149940,False
GROUP,4,M2_mel_syl,100.0,0,0.4101743924940038,42840,False
GROUP,4,M2_mel_syl,100.0,1,0.33492828215705606,32130,False
GROUP,4,M2_mel_syl,100.0,2,0.3627996180704247,32130,False
GROUP,4,M2_mel_syl,100.0,3,0.25007220642147276,42840,False
GROUP,4,M2_mel_syl,100.0,mean,0.33815500688173916,149940,False
GROUP,4,M2_mel_syl,1000.0,0,0.411186064287244,42840,False
GROUP,4,M2_mel_syl,1000.0,1,0.33795530457748346,32130,False
GROUP,4,M2_mel_syl,1000.0,2,0.36449857454313295,32130,False
GROUP,4,M2_mel_syl,1000.0,3,0.2542192599962415,42840,False
GROUP,4,M2_mel_syl,1000.0,mean,0.3406416381782708,149940,True
GROUP,4,M3_mel_syl_boundary,0.001,0,0.41045686212659005,42840,False
GROUP,4,M3_mel_syl_boundary,0.001,1,0.31810693823308056,32130,False
GROUP,4,M3_mel_syl_boundary,0.001,2,0.4131324618529695,32130,False
GROUP,4,M3_mel_syl_boundary,0.001,3,0.24913065636026788,42840,False
GROUP,4,M3_mel_syl_boundary,0.001,mean,0.3451477338718272,149940,False
GROUP,4,M3_mel_syl_boundary,0.01,0,0.4104568837305098,42840,False
GROUP,4,M3_mel_syl_boundary,0.01,1,0.3181070019044888,32130,False
GROUP,4,M3_mel_syl_boundary,0.01,2,0.41313250522288403,32130,False
GROUP,4,M3_mel_syl_boundary,0.01,3,0.24913067745528428,42840,False
GROUP,4,M3_mel_syl_boundary,0.01,mean,0.34514776900894967,149940,False
GROUP,4,M3_mel_syl_boundary,0.1,0,0.4104570996747958,42840,False
GROUP,4,M3_mel_syl_boundary,0.1,1,0.31810763847790446,32130,False
GROUP,4,M3_mel_syl_boundary,0.1,2,0.4131329388005134,32130,False
GROUP,4,M3_mel_syl_boundary,0.1,3,0.24913088830844932,42840,False
GROUP,4,M3_mel_syl_boundary,0.1,mean,0.3451481202691596,149940,False
GROUP,4,M3_mel_syl_boundary,1.0,0,0.41045924980372595,42840,False
GROUP,4,M3_mel_syl_boundary,1.0,1,0.3181139903525325,32130,False
GROUP,4,M3_mel_syl_boundary,1.0,2,0.4131372626319284,32130,False
GROUP,4,M3_mel_syl_boundary,1.0,3,0.24913298725347366,42840,False
GROUP,4,M3_mel_syl_boundary,1.0,mean,0.3451516219415844,149940,False
GROUP,4,M3_mel_syl_boundary,10.0,0,0.41047996148823096,42840,False
GROUP,4,M3_mel_syl_boundary,10.0,1,0.31817629611097176,32130,False
GROUP,4,M3_mel_syl_boundary,10.0,2,0.4131794737575667,32130,False
GROUP,4,M3_mel_syl_boundary,10.0,3,0.2491531155181188,42840,False
GROUP,4,M3_mel_syl_boundary,10.0,mean,0.34518568697364393,149940,False
GROUP,4,M3_mel_syl_boundary,100.0,0,0.4106527839056774,42840,False
GROUP,4,M3_mel_syl_boundary,100.0,1,0.31873974007428885,32130,False
GROUP,4,M3_mel_syl_boundary,100.0,2,0.4135542588706248,32130,False
GROUP,4,M3_mel_syl_boundary,100.0,3,0.24930839890022571,42840,False
GROUP,4,M3_mel_syl_boundary,100.0,mean,0.34548048057559666,149940,False
GROUP,4,M3_mel_syl_boundary,1000.0,0,0.41172653488154576,42840,False
GROUP,4,M3_mel_syl_boundary,1000.0,1,0.3230581107770101,32130,False
GROUP,4,M3_mel_syl_boundary,1000.0,2,0.41624052641450315,32130,False
GROUP,4,M3_mel_syl_boundary,1000.0,3,0.2499533966469022,42840,False
GROUP,4,M3_mel_syl_boundary,1000.0,mean,0.34747254554916657,149940,True
GROUP,4,M4_mel_syl_structure,0.001,0,0.41407376078339186,42840,False
GROUP,4,M4_mel_syl_structure,0.001,1,0.4107554526195746,32130,False
GROUP,4,M4_mel_syl_structure,0.001,2,0.32796148251372925,32130,False
GROUP,4,M4_mel_syl_structure,0.001,3,0.25325124731097004,42840,False
GROUP,4,M4_mel_syl_structure,0.001,mean,0.34896077412695414,149940,False
GROUP,4,M4_mel_syl_structure,0.01,0,0.4140737751335043,42840,False
GROUP,4,M4_mel_syl_structure,0.01,1,0.41075550367443214,32130,False
GROUP,4,M4_mel_syl_structure,0.01,2,0.32796154598206007,32130,False
GROUP,4,M4_mel_syl_structure,0.01,3,0.25325126164453904,42840,False
GROUP,4,M4_mel_syl_structure,0.01,mean,0.34896080686297504,149940,False
GROUP,4,M4_mel_syl_structure,0.1,0,0.4140739185434976,42840,False
GROUP,4,M4_mel_syl_structure,0.1,1,0.4107560140937153,32130,False
GROUP,4,M4_mel_syl_structure,0.1,2,0.32796218052390513,32130,False
GROUP,4,M4_mel_syl_structure,0.1,3,0.25325140489089704,42840,False
GROUP,4,M4_mel_syl_structure,0.1,mean,0.3489611341136028,149940,False
GROUP,4,M4_mel_syl_structure,1.0,0,0.41407534370278665,42840,False
GROUP,4,M4_mel_syl_structure,1.0,1,0.4107611055769065,32130,False
GROUP,4,M4_mel_syl_structure,1.0,2,0.3279685120039745,32130,False
GROUP,4,M4_mel_syl_structure,1.0,3,0.25325282852779907,42840,False
GROUP,4,M4_mel_syl_structure,1.0,mean,0.34896439583321326,149940,False
GROUP,4,M4_mel_syl_structure,10.0,0,0.41408883878567704,42840,False
GROUP,4,M4_mel_syl_structure,10.0,1,0.41081092711876754,32130,False
GROUP,4,M4_mel_syl_structure,10.0,2,0.3280306064904823,32130,False
GROUP,4,M4_mel_syl_structure,10.0,3,0.2532662736528074,42840,False
GROUP,4,M4_mel_syl_structure,10.0,mean,0.34899607504154906,149940,False
GROUP,4,M4_mel_syl_structure,100.0,0,0.4141912151299778,42840,False
GROUP,4,M4_mel_syl_structure,100.0,1,0.41125822501198317,32130,False
GROUP,4,M4_mel_syl_structure,100.0,2,0.32859115344297785,32130,False
GROUP,4,M4_mel_syl_structure,100.0,3,0.2533589203871831,42840,False
GROUP,4,M4_mel_syl_structure,100.0,mean,0.34926776267382337,149940,False
GROUP,4,M4_mel_syl_structure,1000.0,0,0.414625623484543,42840,False
GROUP,4,M4_mel_syl_structure,1000.0,1,0.4144752262081153,32130,False
GROUP,4,M4_mel_syl_structure,1000.0,2,0.3328037505434741,32130,False
GROUP,4,M4_mel_syl_structure,1000.0,3,0.2534975645481703,42840,False
GROUP,4,M4_mel_syl_structure,1000.0,mean,0.35102354874183006,149940,True
GROUP,4,M5_full,0.001,0,0.41497075013274454,42840,False
GROUP,4,M5_full,0.001,1,0.3614058060287243,32130,False
GROUP,4,M5_full,0.001,2,0.32451640451060493,32130,False
GROUP,4,M5_full,0.001,3,0.2556544671084915,42840,False
GROUP,4,M5_full,0.001,mean,0.3385905357559237,149940,False
GROUP,4,M5_full,0.01,0,0.4149707625914273,42840,False
GROUP,4,M5_full,0.01,1,0.36140584880930016,32130,False
GROUP,4,M5_full,0.01,2,0.3245164485017936,32130,False
GROUP,4,M5_full,0.01,3,0.2556545080682029,42840,False
GROUP,4,M5_full,0.01,mean,0.3385905696122716,149940,False
GROUP,4,M5_full,0.1,0,0.41497088708936836,42840,False
GROUP,4,M5_full,0.1,1,0.36140627648974344,32130,False
GROUP,4,M5_full,0.1,2,0.3245168883464863,32130,False
GROUP,4,M5_full,0.1,3,0.2556549176420404,42840,False
GROUP,4,M5_full,0.1,mean,0.3385909081024517,149940,False
GROUP,4,M5_full,1.0,0,0.4149721233475371,42840,False
GROUP,4,M5_full,1.0,1,0.3614105409769073,32130,False
GROUP,4,M5_full,1.0,2,0.3245212801643218,32130,False
GROUP,4,M5_full,1.0,3,0.2556590110803697,42840,False
GROUP,4,M5_full,1.0,mean,0.33859428579537953,149940,False
GROUP,4,M5_full,10.0,0,0.41498374748469646,42840,False
GROUP,4,M5_full,10.0,1,0.36145212711350827,32130,False
GROUP,4,M5_full,10.0,2,0.3245646106458153,32130,False
GROUP,4,M5_full,10.0,3,0.2556997376158707,42840,False
GROUP,4,M5_full,10.0,mean,0.33862743954858854,149940,False
GROUP,4,M5_full,100.0,0,0.41506817417943864,42840,False
GROUP,4,M5_full,100.0,1,0.36181910434291653,32130,False
GROUP,4,M5_full,100.0,2,0.3249668874759165,32130,False
GROUP,4,M5_full,100.0,3,0.2560927996454433,42840,False
GROUP,4,M5_full,100.0,mean,0.3389287050540019,149940,False
GROUP,4,M5_full,1000.0,0,0.41534599567113883,42840,False
GROUP,4,M5_full,1000.0,1,0.36439203170588597,32130,False
GROUP,4,M5_full,1000.0,2,0.32814183916836503,32130,False
GROUP,4,M5_full,1000.0,3,0.2594261115223727,42840,False
GROUP,4,M5_full,1000.0,mean,0.34119214581405705,149940,True
